ZZ, ZZZ, , , MD & DE,Maryland, Md., MD, Annapolis, State
ZZ, ZZZ, , , MD & DE,Delaware, Del., DE, Dover, State
ZZ, ZZZ, , , REGION 7 (IA KS MO NE),Iowa, Iowa, IA, Des Moines, State
ZZ, ZZZ, , , REGION 7 (IA KS MO NE),Kansas, Kans., KS, Topeka, State
ZZ, ZZZ, , , REGION 7 (IA KS MO NE),Missouri, Mo., MO, Jefferson City, State
ZZ, ZZZ, , , REGION 7 (IA KS MO NE),Nebraska, Nebr., NE, Lincoln, State
ZZ, ZZZ, , , NEW ENGLAND STATES,Connecticut, Conn., CT, Hartford, State
ZZ, ZZZ, , , NEW ENGLAND STATES,Maine, Maine, ME, Augusta, State
ZZ, ZZZ, , , NEW ENGLAND STATES,Massachusetts, Mass., MA, Boston, State
ZZ, ZZZ, , , NEW ENGLAND STATES,New Hampshire, N.H., NH, Concord, State
ZZ, ZZZ, , , NEW ENGLAND STATES,Rhode Island, R.I., RI, Providence, State
ZZ, ZZZ, , , NEW ENGLAND STATES,Vermont, Vt., VT, Montpelier, State
ZZ, ZZZ, , , REGION 4 (AL FL GA KY MS NC SC),Alabama, Ala., AL, Montgomery, State
ZZ, ZZZ, , , REGION 4 (AL FL GA KY MS NC SC),Florida, Fla., FL, Tallahassee, State
ZZ, ZZZ, , , REGION 4 (AL FL GA KY MS NC SC),Georgia, Ga., GA, Atlanta, State
ZZ, ZZZ, , , REGION 4 (AL FL GA KY MS NC SC),Kentucky, Ky., KY, Frankfort, State
ZZ, ZZZ, , , REGION 4 (AL FL GA KY MS NC SC),Mississippi, Miss., MS, Jackson, State
ZZ, ZZZ, , , REGION 4 (AL FL GA KY MS NC SC),North Carolina, N.C., NC, Raleigh, State
ZZ, ZZZ, , , REGION 4 (AL FL GA KY MS NC SC),South Carolina, S.C., SC, Columbia, State
ZZ, ZZZ, , , REGION 10 (AK ID OR WA),Alaska, Alaska, AK, Juneau, State
ZZ, ZZZ, , , REGION 10 (AK ID OR WA),Idaho, Idaho, ID, Boise, State
ZZ, ZZZ, , , REGION 10 (AK ID OR WA),Oregon, Ore., OR, Salem, State
ZZ, ZZZ, , , REGION 10 (AK ID OR WA),Washington, Wash., WA, Olympia, State
ZZ, ZZZ, , , REGION 2 (NY NJ),New York, N.Y., NY, Albany, State
ZZ, ZZZ, , , REGION 2 (NY NJ),New Jersey, N.J., NJ, Trenton, State
ZZ, ZZZ, , , REGION 1 (CT ME NH VT MA RI),Connecticut, Conn., CT, Hartford, State
ZZ, ZZZ, , , REGION 1 (CT ME NH VT MA RI),Maine, Maine, ME, Augusta, State
ZZ, ZZZ, , , REGION 1 (CT ME NH VT MA RI),New Hampshire, N.H., NH, Concord, State
ZZ, ZZZ, , , REGION 1 (CT ME NH VT MA RI),Vermont, Vt., VT, Montpelier, State
ZZ, ZZZ, , , REGION 1 (CT ME NH VT MA RI),Massachusetts, Mass., MA, Boston, State
ZZ, ZZZ, , , REGION 1 (CT ME NH VT MA RI),Rhode Island, R.I., RI, Providence, State
ZZ, ZZZ, , , REGION 8 (CO MT ND SD UT WY),Colorado, Colo., CO, Denver, State
ZZ, ZZZ, , , REGION 8 (CO MT ND SD UT WY),Montana, Mont., MT, Helena, State
ZZ, ZZZ, , , REGION 8 (CO MT ND SD UT WY),North Dakota, N.D., ND, Bismarck, State
ZZ, ZZZ, , , REGION 8 (CO MT ND SD UT WY),South Dakota, S.D., SD, Pierre, State
ZZ, ZZZ, , , REGION 8 (CO MT ND SD UT WY),Utah, Utah, UT, Salt Lake City, State
ZZ, ZZZ, , , REGION 8 (CO MT ND SD UT WY),Wyoming, Wyo., WY, Cheyenne, State
ZZ, ZZZ, , , REGION 3 (DE-MD PA WV VA),Delaware, Del., DE, Dover, State
ZZ, ZZZ, , , REGION 3 (DE-MD PA WV VA),Maryland, Md., MD, Annapolis, State
ZZ, ZZZ, , , REGION 3 (DE-MD PA WV VA),Pennsylvania, Pa., PA, Harrisburg, State
ZZ, ZZZ, , , REGION 3 (DE-MD PA WV VA),West Virginia, W.Va., WV, Charleston, State
ZZ, ZZZ, , , REGION 3 (DE-MD PA WV VA),Virginia, Va., VA, Richmond, State
ZZ, ZZZ, , , REGION 6 (AR LA NM OK TX),Arkansas, Ark., AR, Little Rock, State
ZZ, ZZZ, , , REGION 6 (AR LA NM OK TX),Louisiana, La., LA, Baton Rouge, State
ZZ, ZZZ, , , REGION 6 (AR LA NM OK TX),New Mexico, N.M., NM, Santa Fe, State
ZZ, ZZZ, , , REGION 6 (AR LA NM OK TX),Oklahoma, Okla., OK, Oklahoma City, State
ZZ, ZZZ, , , REGION 6 (AR LA NM OK TX),Texas, Tex., TX, Austin, State
ZZ, ZZZ, , , REGION 5 (IL IN MI MN OH WI),Illinois, Ill., IL, Springfield, State
ZZ, ZZZ, , , REGION 5 (IL IN MI MN OH WI),Indiana, Ind., IN, Indianapolis, State
ZZ, ZZZ, , , REGION 5 (IL IN MI MN OH WI),Michigan, Mich., MI, Lansing, State
ZZ, ZZZ, , , REGION 5 (IL IN MI MN OH WI),Minnesota, Minn., MN, St. Paul, State
ZZ, ZZZ, , , REGION 5 (IL IN MI MN OH WI),Ohio, Ohio, OH, Columbus, State
ZZ, ZZZ, , , REGION 5 (IL IN MI MN OH WI),Wisconsin, Wis., WI, Madison, State
ZZ, ZZZ, , , USA-IOWA_MINNESOTA,Iowa, Iowa, IA, Des Moines, State
ZZ, ZZZ, , , USA-IOWA_MINNESOTA,Minnesota, Minn., MN, St. Paul, State
ZZ, ZZZ, , , REGION 9 (AZ CA HI NV),Arizona, Ariz., AZ, Phoenix, State
ZZ, ZZZ, , , REGION 9 (AZ CA HI NV),California, Calif., CA, Sacramento, State
ZZ, ZZZ, , , REGION 9 (AZ CA HI NV),Hawaii, Hawaii, HI, Honolulu, State
ZZ, ZZZ, , , REGION 9 (AZ CA HI NV),Nevada, Nev., NV, Carson City, State
