"Entry","Entry name","Protein name","Gene names","Organism","Keywords","Length","Mass","Checksum","Sequence"
"Q0ATK2","ACCD_MARMM","Acetyl-coenzyme A carboxylase carboxyl transferase subunit beta","['accD', 'Mmar10_0089']","Maricaulis maris (strain MCS10)","['ATP-binding', 'Complete proteome', 'Cytoplasm', 'Fatty acid biosynthesis', 'Fatty acid metabolism', 'Lipid biosynthesis', 'Lipid metabolism', 'Nucleotide-binding', 'Reference proteome', 'Transferase']","311","33520","E5763BE017BB2A5A","
MTEKSNGMSWLSKITPPGMSKIFSKRDTPDNLWVKCPVSEEMVFHKDLEAGLFVTPAGHH
MRIAPAYRFQFTFDGDYTEIETPEVVKDPLKFRDDKPYTAKLAAARKKTGRDDSMAIATG
TIGGLDAVVLVQNFAFMGGSLGMAAGESFIKAAETALARKAPMIVFTAAGGARMQEGALS
LMQMPRTTLAVEMLREAGLPYIVVLTDPTTGGVTASYAMLGDVHIAEPGALIGFAGPRVI
EQTIREKLPEGFQRAEYLLEKGMVDKVVHRADIPATLARMLRVLMKKPGTSMPAALTPPA
PDHVVADGGSH
"
"O40976","1A_CMVNT","Replication protein 1a","['ORF1a']","Cucumber mosaic virus (strain NT9) (CMV)","['ATP-binding', 'Helicase', 'Host endoplasmic reticulum', 'Host membrane', 'Hydrolase', 'Membrane', 'Methyltransferase', 'Nucleotide-binding', 'Transferase']","993","111465","81A63B68BE844CDB","
MATSSFNINELVASHGDKGLLATALVDKTAHEQLEEQLQHQRRGRKVYIRNVLGVKDSEV
IRNRYGGKYDLHLTQQEFAPHGLAGALRLCETLDCLDSFPSSGLRQDLVLDFGGSWVTHY
LRGHNVHCCSPCLGIRDKMRHAERLMNMRKIILNDPQQFDGRQPDFCTHPAADCKVQAHF
AISIHGGYDMGFRGLCEAMNAHGTTILKGTMMFDGAMMFDDQGVIPELNCQWRKIRTAFS
ETEDATPLSEKLNSTIFSHVRKFKTMVAFDFINESTMSYVHDWENIKSFLTDQTYSYRGM
TYGIERCVIHAGIMTYKIIGVPGMCPPELIRHCIWFPSIKDYVGLKIPASQDLVEWKTVR
ILTSTLRETEEIAMRCYNDKKAWMEQFKVILGVLSAKSSTIVINGMSMQSGERIDINDYH
YIGFAILLHTKMKYEQLGKMYDMWNASYISKWFAALTRPLRVFFSSVVHALFPTLRPREE
KEFLIKLSTFVTFNVECSFDGGEEWDVISSAAYVATQAVTDGKVLAAQKAEKLAEKLAQP
VIEVSDRPEAPSSTPDDTADVCGKEQEVSELDSLSAQTRSPITRVAERATAMLEYAAYEK
QLHDTTVSNLKRIWNMAGGDDKRNSLEGNLKFVFDTYFTVDPMVNIHFSTGRWMRPVPEG
IVYSVGFNERGLGPKSDGELYIVNSECVICNSESLSTVTRSLQAPTGTISQVDGVAGCGK
TTAIKSIFEPSTDMIVTANKKSAQDVRMALFKSSDSKEACTFVRTADSVLLNECPTVSRV
LVDEVVLLHFGQLCAVMSKLKAVRAICFGDSEQIAFSSRDASFDMRFSKIIPDETSDADT
TFRSPQDVVPLVRLMATKALPKGTHSKYTKWVSQSKVKRSVTSRAIASVTLVDLDSSRFY
ITMTQADKASLISRAKEMNLPKTFWNERIKTVHESQGISEDHVTLVRLKSTKCDLFKQFS
YCLVALTRHKVTFRYEHCGVLNGDLIAECIARA
"
"Q84P24","4CLL6_ARATH","4-coumarate--CoA ligase-like 6","['4CLL6', 'At4g19010', 'F13C5.180']","Arabidopsis thaliana (Mouse-ear cress)","['ATP-binding', 'Complete proteome', 'Ligase', 'Nucleotide-binding', 'Peroxisome', 'Reference proteome']","566","61957","A4EE22717B17E349","
MAATHLHIPPNPKTQTSHQNPPFWFSSKTGIYTSKFPSLHLPVDPNLDAVSALFSHKHHG
DTALIDSLTGFSISHTELQIMVQSMAAGIYHVLGVRQGDVVSLVLPNSVYFPMIFLSLIS
LGAIVTTMNPSSSLGEIKKQVSECSVGLAFTSTENVEKLSSLGVSVISVSESYDFDSIRI
ENPKFYSIMKESFGFVPKPLIKQDDVAAIMYSSGTTGASKGVLLTHRNLIASMELFVRFE
ASQYEYPGSSNVYLAALPLCHIYGLSLFVMGLLSLGSTIVVMKRFDASDVVNVIERFKIT
HFPVVPPMLMALTKKAKGVCGEVFKSLKQVSSGAAPLSRKFIEDFLQTLPHVDLIQGYGM
TESTAVGTRGFNSEKLSRYSSVGLLAPNMQAKVVDWSSGSFLPPGNRGELWIQGPGVMKG
YLNNPKATQMSIVEDSWLRTGDIAYFDEDGYLFIVDRIKEIIKYKGFQIAPADLEAVLVS
HPLIIDAAVTAAPNEECGEIPVAFVVRRQETTLSEEDVISYVASQVAPYRKVRKVVMVNS
IPKSPTGKILRKELKRILTNSVSSRL
"
"P62260","1433E_RAT","14-3-3 protein epsilon","['Ywhae']","Rattus norvegicus (Rat)","['Acetylation', 'Complete proteome', 'Cytoplasm', 'Direct protein sequencing', 'Isopeptide bond', 'Nucleus', 'Phosphoprotein', 'Reference proteome', 'Ubl conjugation']","255","29174","07817CCBD1F75B26","
MDDREDLVYQAKLAEQAERYDEMVESMKKVAGMDVELTVEERNLLSVAYKNVIGARRASW
RIISSIEQKEENKGGEDKLKMIREYRQMVETELKLICCDILDVLDKHLIPAANTGESKVF
YYKMKGDYHRYLAEFATGNDRKEAAENSLVAYKAASDIAMTELPPTHPIRLGLALNFSVF
YYEILNSPDRACRLAKAAFDDAIAELDTLSEESYKDSTLIMQLLRDNLTLWTSDMQGDGE
EQNKEALQDVEDENQ
"
"P0CK20","A25_VACCC","Protein A2.5","['A2.5L']","Vaccinia virus (strain Copenhagen) (VACV)","['Complete proteome', 'Disulfide bond', 'Late protein', 'Redox-active center']","76","8890","2FFF0CD0E6A95A55","
MSWYEKYNIVLNPPKRCSSACADNLTTILAEDGNHIRAILYSQPKKLKILQDFLATSRNK
MFLYKILDDEIRRVLT
"
"Q8T675","ABCGJ_DICDI","ABC transporter G family member 19","['abcG19', 'DDB_G0269208']","Dictyostelium discoideum (Slime mold)","['ATP-binding', 'Complete proteome', 'Membrane', 'Nucleotide-binding', 'Reference proteome', 'Repeat', 'Transmembrane', 'Transmembrane helix', 'Transport']","1449","165585","C0B0A01F4C02C1DE","
MKEFELNEYSFQEVENLNINTPNNNNNFGVVGDDFQLNSPDIQNSENQFKYIANELETDS
KQYLSNLDAENNHNENDEDFKLRKYFENSQRVALGNGQKPKKMGVSVRNLTVVGVGADQS
VISDLSTPIFKILNLFKPSTWKEKGSTFDILHDITLFNRDGGMLLVLGRPGSGCSTLLRL
ISNQRGSYVEVKGDITYGGIPAKEWKRYQGESIYTPEEDTHHPTLTVRQTLDFALKCKTI
HNRLPDEKKRTYRKRIFDLLLGMFGIVHQADTIVGNEFIRGLSGGERKRLTITEAMVSSA
SITCYDCSTRGLDAASALDYAKSIRIMSDTLDKTTIASFYQASDSIYNLFDNVAVIEKGR
LIYFGPGNKAKQYFIDLGFDCEPRKSTPDFLTGVTNPQERIIRQGFEGRVPETFADFEAA
WRNSSMYRDMLEEQKEYERKIEIEQPAVDFIQEVKAEKSKTTSKRSIYTTSFLTQVKALI
VRNFQIIWGDKLSLGSRYLSVFTQSFVYGSIFYNLETNINGLFTRGGTLFSVILFNALLC
ECEMPLTFGQRGILQKQHSYAMYRPSALHIAQIVTDIPLTIIQVFLFSIVVYFMFGLQYD
AGKFFIFCFTLVGATLATTNLFRMFGNFSPSLYISQNVMNIFIISMITYTGYTIPKPKMH
PWFSWFYWCNPFSYAFKALMANEFGDLSFDCQDTAIPSDPNKIIVYDNSYRICASPGASM
GNLTVSGSKYIEESFHFRSDDLTQNVFILYLWWILYIVLNMFAMEYFDWTGGGYSHKVYK
KGKAPKMNDVEEEKKQNQIVANATSKMKDTLKMRGGIFTWQNINYTVPVKGGKRLLLDNV
EGWIKPGQMTALMGSSGAGKTTLLDVLAKRKTMGEVQGKCFLNGKPLEIDFERITGYVEQ
MDVHNPGLTVREALRFSAKLRQEPSVLLEEKFDYVEHVLEMMEMKHLGDALIGTLETGVG
ISVEERKRLTIGVELVAKPHILFLDEPTSGLDAQSSYNIVKFIRKLADAGMPLVCTIHQP
SSVLFEHFDRILLLAKGGKTVYFGDIGEGSKTLTSYFERYGVRPCTESENPAEYILEATG
AGVHGKSDVNWSETWKQSPELQEIERELAALEAQGPSSTEDHGKPREFATPIWYQTIEVY
KRLNIIWWRDPFYTYGSFIQASMAGLIMGFTFWSLKGSSSDMSQRVFFIFETLILGILLI
FVVLPQFIMQQEYFKRDFASKFYSWFPFAISIVAVEIPIVIISGTFFFFCSFWTAGLYTK
FNEINFYFWFILILYLLFCVSFGQAVSAISFNLFLAHTLIPLLIVFLFLFCGVMVIPSSI
PTFWRGWVYHLNPCRYFMEGIVTNVLKHTDVKCTSEDFTHFTNPEAVNGVTCKQYFPISE
PLTGYVEAINEGDESKCGYCLYNNGEEYYNTLGWSFDNRWRNLAILICFWIFNILMVITF
VYITRKPRR
"
"P62377","3SOFL_NAJNA","Cytotoxin-like basic protein","","Naja naja (Indian cobra)","['Cytolysis', 'Direct protein sequencing', 'Disulfide bond', 'Hemolysis', 'Membrane', 'Secreted', 'Target cell membrane', 'Target membrane', 'Toxin']","62","7014","0E88D09AEFA7FBA5","
LKCHNTQLPFIYKTCPEGKNLCFKATLKKFPLKFPVKRGCADNCPKNSALLKYVCCSTDK
CN
"
"Q3APM2","3MGH_CHLCH","Putative 3-methyladenine DNA glycosylase","['Cag_1802']","Chlorobium chlorochromatii (strain CaD3)","['Complete proteome', 'DNA damage', 'DNA repair', 'Hydrolase', 'Reference proteome']","203","22532","50A3A3890D152D43","
MEPLPKQFYQCSTIELTEKLLGKCFVRILPNGTRLAGRIVETEAYLGEGDEACHAWRSRT
PRNEIMFREAGTLYVYFTYGAHYMLNIVSEPEERAGAVLIRAMEPLEGIEFMQQQRNTTK
FPNLMSGPGKLTQALAIERSCNGRTLFDGEFFVADAPAIPSHQIGTSGRIGISRSTELPW
RKFIMGNAHVSGGKVGGVVSSLQ
"
"Q9P5N2","AAT1_SCHPO","Amino acid transporter 1","['aat1', 'SPBC359.03c']","Schizosaccharomyces pombe (strain 972 / ATCC 24843) (Fission yeast)","['Amino-acid transport', 'Cell membrane', 'Complete proteome', 'Golgi apparatus', 'Membrane', 'Reference proteome', 'Transmembrane', 'Transmembrane helix', 'Transport']","579","63259","C60DF4BE64397CD3","
MSAKDYDFDIESVLPEEKAPQVSEAKKDYISQESTVLSGQVDFVEPEHKGFFQNLIDGFK
PAREADGNGGPALKRGLSTRHMQLMSIGGAIGSGLYVGSGSALADGGPASVIINYILIGI
MMFFVIYALGEMAVAYPVAGSFNTYATRFIDPAWGFAVSWNYFFNYFVTFPFELTTCAIT
FTFWTDVNCAVWISIFLVVVIGINLFGVRVFGEVEFVLALIKVVATVGFIILAIIINCGG
VPTDHRGYIGGSIIKQKPFRHGFKGFCSVYTTAAFSFSGTEIVGLAAAEVGDPRKTLPGA
VKQVFWRVAIFYIVSLILIGLLISPDDPKLMGNGSASVSPFVLAIQEANIKGLPSVFNAV
IIISVISVTNSSTYTAGRTLHGMANLKQAPAFFKYTDRLGRPLIAMIVVLSFGFFAYINE
ANNNGNDISDTVFDWLLAISGLSNFFTWGSICLSHIMFRLAFKKQGHSLKELGFVSPMGI
WGSVIGLGFNILCLMAEFYVSLFPIGGSPNANDFFQGYLAACITLVFFIGYKIYDRSHIP
SLDKLDITTGLKTYEYEETKDSSDTGRFRFFKKIINTVC
"
"Q96450","1433A_SOYBN","14-3-3-like protein A","['GF14A']","Glycine max (Soybean) (Glycine hispida)","['Complete proteome', 'Reference proteome']","257","29049","76DB93EC9828F430","
MSDSSREENVYMAKLADEAERYEEMVEFMEKVAKTVEVEELTVEERNLLSVAYKNVIGAR
RASWRIISSIEQKEESRGNEDHVAIIKEYRGKIEAELSKICDGILNLLESNLIPSAASPE
SKVFYLKMKGDYHRYLAEFKTGAERKEAAESTLLAYKSAQDIALADLAPTHPIRLGLALN
FSVFYYEILNSPDRACNLAKQAFDEAISELDTLGEESYKDSTLIMQLLRDNLTLWTSDIT
DIAGDEIKETSKQQPGE
"
"P42654","1433B_VICFA","14-3-3-like protein B","","Vicia faba (Broad bean) (Faba vulgaris)","","261","29524","2981BA7AE4C7E314","
MASTKDRENFVYIAKLAEQAERYEEMVDSMKNVANLDVELTIEERNLLSVGYKNVIGARR
ASWRILSSIEQKEESKGNDVNAKRIKEYRHKVETELSNICIDVMRVIDEHLIPSAAAGES
TVFYYKMKGDYYRYLAEFKTGNEKKEAGDQSMKAYESATTAAEAELPPTHPIRLGLALNF
SVFYYEILNSPERACHLAKQAFDEAISELDTLNEESYKDSTLIMQLLRDNLTLWTSDIPE
DGEDSQKANGTAKFGGGDDAE
"
"P25681","3SEC_DENPO","Acetylcholinesterase toxin C","","Dendroaspis polylepis polylepis (Black mamba)","['Direct protein sequencing', 'Disulfide bond', 'Secreted', 'Toxin']","61","6817","66625EF767341F3A","
TICYSHTTTSRAILKDCGENSCYRKSRRHPPKMVLGRGCGCPPGDDYLEVKCCTSPDKCN
Y
"
"P33840","A15_VAR67","Core protein A15","['A15L', 'A16L']","Variola virus (isolate Human/India/Ind3/1967) (VARV) (Smallpox virus)","['Complete proteome', 'Host cytoplasm', 'Late protein', 'Reference proteome', 'Virion']","94","10951","7A56E89226C2D3F3","
MFVDDDSLIIYSTWPSTLSDSSGRVIVMPDNRSFTFKEGFKLDESIKSILLVNPSSIDLL
KIRVYKHRIKWMGNIFVLFEQENIPPPFRLVNDK
"
"P52570","1CPX_ONCVO","1-Cys peroxiredoxin","['TSA']","Onchocerca volvulus","['Antioxidant', 'Complete proteome', 'Oxidoreductase', 'Peroxidase', 'Redox-active center', 'Reference proteome']","232","25926","029E93F276232B37","
MCAPSGPGNKFPDFQAETNEGFISSFYDWIGKDSWAILFSHPRDFTPVCTTELARLVQLA
PEFKKRNVKLIGLSCDSADSHSKWADDILALYKMKCVGCDSEKKLPYPIIADEDRSLATE
LGMMDPDERDEKGNTLTARCVFIIGSDKTLKLSILYPATTGRNFDEILRVVDSLQLTAVK
LVATPVDWKDGDDCVVLPTIDDNEAKKLFGEKIHTIDLPSGKHYLRMVPHPK
"
"Q63FD4","3MGH_BACCZ","Putative 3-methyladenine DNA glycosylase","['BCE33L0774']","Bacillus cereus (strain ZK / E33L)","['Complete proteome', 'DNA damage', 'DNA repair', 'Hydrolase']","205","22967","A6E59775919B9BC6","
MQAPPSFYEGDTLEVAKKLLGQKLVHIVDGIKRSGIIVEVEAYKGPDDKAAHSYGGRRTD
RTEVMFGAPGHAYVYLIYGMYHCFNVITAPVGTPQGVLIRALEPVDGIEEIKLARYNKTD
ITKAQYKNLTNGPGKLCRALGITLEERGVSLQSDTLHIELVPEEEHISSQYKITAGPRIN
IDYAEEAVHYPWRFYYEGHPFVSKK
"
"P0CG02","3S1A_HYDTO","Toxin aagardi","","Hydrophis torquatus (West Coast black-headed sea snake) (Chitulia torquata)","['Acetylcholine receptor inhibiting toxin', 'Direct protein sequencing', 'Disulfide bond', 'Ion channel impairing toxin', 'Neurotoxin', 'Postsynaptic neurotoxin', 'Secreted', 'Toxin']","60","6599","DE41989F9056E59A","
MTCCNQQSSQPKTTTNCAGNSCYKKTWSDHRGTIIERGCGCPQVKSGIKLECCHTNECNN
"
"A8YWM6","3MGH_LACH4","Putative 3-methyladenine DNA glycosylase","['lhv_0124']","Lactobacillus helveticus (strain DPC 4571)","['Complete proteome', 'DNA damage', 'DNA repair', 'Hydrolase']","210","24079","1142831CC501C077","
MNYSDYFTNRPTDEITRDLVGRPLIYDNGKEKIGGYIVEAEAYMGKNDRTAHSYGGHRSP
ANEGLYRRGGTIYIYAQRQYFFFDVACQEENEPQGVLIRAIEPIWGIDTMIKNRSGKSGV
LLTNGPAKMMQAFGIHDKNWNLHFLSDSPFKIDLEDDHRKPAQEIIADKRVGINQSDPVW
ANKKLRYYVAGNPYVSDMKKRNYAKNNGWA
"
"P85939","14332_PSEMZ","14-3-3-like protein 2","","Pseudotsuga menziesii (Douglas-fir) (Abies menziesii)","","66","7721","6ABD625BB7861090","
LAEQAERYEEMVEYMEKNLLSVAYKIISSIEQKEESRQAFDEAIAELDTLGEESYKDSTL
IMQLLR
"
"P0C9V5","50511_ASFWA","Protein MGF 505-11L","['War-160']","African swine fever virus (isolate Warthog/Namibia/Wart80/1980) (ASFV)","['Complete proteome']","542","63453","21633D9A5A735E65","
MFSLQKKALQHIYMTPENASQLTKDLLQHLGLYWNGPIIKMDTVVHLHNKIFSNRSVLKY
ALAKQANITIIKTLVLWVEPEYALAQALKHNRKDVLECIFSYHLTTPKYHHIMHLTSSQE
LFEFFHLFICKSKNYNARMECLLYAATLYNFPNILEKNREYIIRYSIGNSLFAIACKERH
IHLIAWFVTAGVLDTYDDSMLFNTAFKLGDYSLLEVACDLPIIYPDYLIISMMQTAIQKN
YFRFFKKLLTHFNIYRQIIITDAAYYNRRKILLLLLKQNIFNNFAILCALSAAIKGHASK
KTLNLLISQLDSQMTVVDSVYYSIIKYNNIDCIPLLMQIKTFRMETLVSIAVHGNNINII
AACKAFLPKDTLYHLVLKMAIVSRNYKLFKLYTEKENPMYIFTTIKAIISNLVNYTVVQA
VAIEYLRKFHQERQLPIVPLLMVLAEHNYITKFKKTCYAANMSDQKVKRALIKCLFIASQ
KNYCQIFKYCFGSLLKVLSKHERVKFFNSVVFAKKLASYYDHQNMIHLIDSLIERFRYLI
KD
"
"P16624","17KD_RICPR","17 kDa surface antigen","['omp', 'RP833']","Rickettsia prowazekii (strain Madrid E)","['Cell outer membrane', 'Complete proteome', 'Lipoprotein', 'Membrane', 'Palmitate', 'Reference proteome', 'Signal']","159","16672","A33D404B65EEB071","
MKLLSKIMIIALAASMLQACNGQSGMNKQGTGTLLGGAGGALLGSQFGQGKGQLVGVGVG
ALLGAVLGGQIGASMDEQDRRLLELTSQRALESAPSGSNIEWRNPDNGNHGYVTPNKTYR
NSAGQYCREYTQTVIIGGKQQKTYGNACRQPDGQWQVVN
"
"P15802","AAAA_PENCH","Acyl-coenzyme A:6-aminopenicillanic-acid-acyltransferase 40 kDa form","['penDE', 'aat']","Penicillium chrysogenum (Penicillium notatum)","['3D-structure', 'Acyltransferase', 'Antibiotic biosynthesis', 'Direct protein sequencing', 'Transferase', 'Zymogen']","357","39939","7A05822312D1CF08","
MLHILCQGTPFEIGYEHGSAAKAVIARSIDFAVDLIRGKTKKTDEELKQVLSQLGRVIEE
RWPKYYEEIRGIAKGAERDVSEIVMLNTRTEFAYGLKAARDGCTTAYCQLPNGALQGQNW
DFFSATKENLIRLTIRQAGLPTIKFITEAGIIGKVGFNSAGVAVNYNALHLQGLRPTGVP
SHIALRIALESTSPSQAYDRIVEQGGMAASAFIMVGNGHEAFGLEFSPTSIRKQVLDANG
RMVHTNHCLLQHGKNEKELDPLPDSWNRHQRMEFLLDGFDGTKQAFAQLWADEDNYPFSI
CRAYEEGKSRGATLFNIIYDHARREATVRLGRPTNPDEMFVMRFDEEDERSALNARL
"
"Q9ZQY6","2A5D_ARATH","Serine/threonine protein phosphatase 2A 55 kDa regulatory subunit B' delta isoform","[""B'DELTA"", 'At3g26030', 'MPE11.23']","Arabidopsis thaliana (Mouse-ear cress)","['Complete proteome', 'Cytoplasm', 'Reference proteome']","477","55240","232DD0C6DD844414","
MFKQILGKLPKKTSAKFWDNGESQTLDNNNNQGGGDEVLSQRTSSNGDTSLDCVSSFDVL
PRLRDVSISEKQELFLKKLRLCCLVFDFVAEPQQNFKEKEIKRQTLLEVVDYVISSGNGK
FPESVIQEATKMISANLFSNPHRQWKNKTPEALDLEEEEGSLNPSWPHLQIVYEFLLRIV
ASPNTDPKISKKYIDHTFVLKLLDLFDSEDPREREYLKTILHRIYGRFMVHRPFIRKTMN
NILYDFIFETGKHSGIAEFLEVLGSIINGFALPLKEEHKLFLTRVLIPLHKLKCLPNYHQ
QLSYCVIQFVEKDCKLADTVIRGMLKYWPVTNSAKEIMFLNELEEILEATQLTEFERCMV
PLSRQIAQCLSSSHFQVAERALYLWNNDHVTNLVRQNSRIILPIVFPALEKNGSSHWNQA
VKNLTENVLKVLSDTNPDLFEECLHKFQEDQQKAEDTKKKNGETWRQLEEIVASMAK
"
"P84887","AAUA_ALCFA","Aralkylamine dehydrogenase light chain","['aauA']","Alcaligenes faecalis","['3D-structure', 'Direct protein sequencing', 'Disulfide bond', 'Electron transport', 'Oxidoreductase', 'Periplasm', 'Signal', 'Transport', 'TTQ']","182","19652","74BC95478B172A41","
MRWLDKFGESLSRSVAHKTSRRSVLRSVGKLMVGSAFVLPVLPVARAAGGGGSSSGADHI
SLNPDLANEDEVNSCDYWRHCAVDGFLCSCCGGTTTTCPPGSTPSPISWIGTCHNPHDGK
DYLISYHDCCGKTACGRCQCNTQTRERPGYEFFLHNDVNWCMANENSTFHCTTSVLVGLA
KN
"
"Q98962","3SA3D_NAJAT","Cytotoxin 3d","","Naja atra (Chinese cobra)","['Cardiotoxin', 'Cytolysis', 'Disulfide bond', 'Membrane', 'Secreted', 'Signal', 'Target cell membrane', 'Target membrane', 'Toxin']","81","8927","A5DCB4B99C0D5A52","
MKTLLLTLVVVTIVCLDLGYTLKCNKLIPIASKTCPAGKNLCYKMFMVATPKVPVKRGCI
DVCPKNSLLVKYVCCNTDRCN
"
"Q5LKW3","4HYPE_RUEPO","4-hydroxyproline 2-epimerase","['SPOA0266']","Ruegeria pomeroyi (strain ATCC 700808 / DSM 15171 / DSS-3) (Silicibacter pomeroyi)","['Complete proteome', 'Isomerase', 'Plasmid', 'Reference proteome']","313","33285","3AAF4829FE917BAF","
MHVIDSHTGGEPTRVILSGGPHLGSGPLSERAARLARESRAFYRSVMLEPRGQPAMVGAL
LVEPVDPDCITGVIFFDAEAVLGMCGHGTIGLTVTLAHMGRIRAGTHKIETPVGIVEVCL
SDANTVTITNIESRRVHRARQVDVDGFGPVTGDVAYGGNWFFIVDPSPIPIERTNIRALS
DAALAIRTAVIANGIGGEEGQPIDHVIFYEMSPRSAVHSRSFVFCPDGTYDRSPCGTGSS
ARLACLAAEGLLNAGEEIIQESVIGSTYRLSYQPGPNGGVIPKITGQAHVMAESTLHFHT
DDPYRNGICHAPQ
"
